epoch,test_F1,test_F2,test_F3
50,0.638054221868515,0.6821355223655701,18.559982049603796
47,0.6381075725305912,0.6828151941299438,18.44287010819413
42,0.6383158658132997,0.6846011877059937,17.86944894804511
39,0.6384096932272578,0.6858761307112006,17.707591920398002
4,0.6384897280571072,0.6844757088395053,17.200494354200917
6,0.6385287829609805,0.6866633296012878,16.216276944376702
3,0.6402198627244594,0.45748186943142916,16.985257263100426
2,0.6441917360522026,0.30291951898225516,17.75197607556055
1,0.6458379442608634,0.24873735669047334,19.94303051191707
